{"mean_min_pitch_note": 60.643463134765625, "mean_max_pitch_note": 71.47417449951172, "mean_min_pitch_note_hz": 271.5325927734375, "mean_max_pitch_note_hz": 507.597412109375, "mean_min_power_note": -26.728666305541992, "mean_max_power_note": -16.934316635131836, "version": "3.7.0", "export_time": "2025-06-10T07:03:11.114988", "num_harmonics": 60, "num_noise_amps": 65, "frame_rate": 50, "frame_size": 1024, "sample_rate": 16000}